INSERT INTO captini_topic (id,topic_name, topic_description, number) VALUES (3,'Meira um sérhljóð (more on vowels)', 'X', 3);
INSERT INTO captini_lesson (id, topic_id, subject, description,number) VALUES (13,3,'Meira um löng sérhljóð (more on long vowels)','Sérhljóð eru löng þegar þau standa á undan p/t/k + r/v/j (vowels are long when they are followed by p/t/k + r/v/j).',0 );
INSERT INTO captini_prompt (id, prompt_number, flashcard_text , lesson_id,number) VALUES (91,'F33(1)','',13,1);
INSERT INTO captini_task (id, task_text, prompt_id, number) VALUES (204,'lepja – apríl',91,0);
INSERT INTO captini_task (id, task_text, prompt_id, number) VALUES (205,'sitja – betra',91,1);
INSERT INTO captini_prompt (id, prompt_number, flashcard_text , lesson_id,number) VALUES (92,'F33(2)','',13,2);
INSERT INTO captini_task (id, task_text, prompt_id, number) VALUES (206,'vökva – Akranes',92,0);
INSERT INTO captini_task (id, task_text, prompt_id, number) VALUES (207,'Esja – Ísrael',92,1);
INSERT INTO captini_prompt (id, prompt_number, flashcard_text , lesson_id,number) VALUES (93,'F33(3)','',13,3);
INSERT INTO captini_task (id, task_text, prompt_id, number) VALUES (208,'krækja – Reykjavík',93,0);
INSERT INTO captini_task (id, task_text, prompt_id, number) VALUES (209,'Hann uppgötvaði nýja reikistjörnu!',93,1);
INSERT INTO captini_prompt (id, prompt_number, flashcard_text , lesson_id,number) VALUES (94,'F33(4)','',13,4);
INSERT INTO captini_task (id, task_text, prompt_id, number) VALUES (210,'Kisurnar lepja mjólkina.',94,0);
INSERT INTO captini_task (id, task_text, prompt_id, number) VALUES (211,'Fuglarnir sitja í trjánum.',94,1);
INSERT INTO captini_prompt (id, prompt_number, flashcard_text , lesson_id,number) VALUES (95,'F33(5)','',13,5);
INSERT INTO captini_task (id, task_text, prompt_id, number) VALUES (212,'Snjóaði mikið í apríl?',95,0);
INSERT INTO captini_task (id, task_text, prompt_id, number) VALUES (213,'Ég vökvaði blómin á Akranesi.',95,1);
INSERT INTO captini_prompt (id, prompt_number, flashcard_text , lesson_id,number) VALUES (96,'F33(6)','',13,6);
INSERT INTO captini_task (id, task_text, prompt_id, number) VALUES (214,'Turninn er fimmtíu metra hár.',96,0);
INSERT INTO captini_task (id, task_text, prompt_id, number) VALUES (215,'Ég hef farið upp í hann tvisvar sinnum.',96,1);
INSERT INTO captini_prompt (id, prompt_number, flashcard_text , lesson_id,number) VALUES (97,'F33(7)','',13,7);
INSERT INTO captini_task (id, task_text, prompt_id, number) VALUES (216,'Ég hef farið upp Esjuna mörgum sinnum.',97,0);
INSERT INTO captini_task (id, task_text, prompt_id, number) VALUES (217,'En ég hef aldrei farið til Ísraels.',97,1);
INSERT INTO captini_lesson (id, topic_id, subject, description,number) VALUES (12,3,'Sérhljóð á undan gi/gj (vowels before gi/gj)','Takið eftir sérhljóðunum á undan gi og gj (notice the vowels before gi and gj).',1 );
INSERT INTO captini_prompt (id, prompt_number, flashcard_text , lesson_id,number) VALUES (84,'F32(1)','',12,1);
INSERT INTO captini_task (id, task_text, prompt_id, number) VALUES (190,'daginn – lagið',84,0);
INSERT INTO captini_task (id, task_text, prompt_id, number) VALUES (191,'segja – segir',84,1);
INSERT INTO captini_prompt (id, prompt_number, flashcard_text , lesson_id,number) VALUES (85,'F32(2)','',12,2);
INSERT INTO captini_task (id, task_text, prompt_id, number) VALUES (192,'stigi – snigill',85,0);
INSERT INTO captini_task (id, task_text, prompt_id, number) VALUES (193,'flygill – flygildi',85,1);
INSERT INTO captini_prompt (id, prompt_number, flashcard_text , lesson_id,number) VALUES (87,'F32(4)','',12,4);
INSERT INTO captini_task (id, task_text, prompt_id, number) VALUES (196,'Tröllaskagi er á Norðurlandi.',87,0);
INSERT INTO captini_task (id, task_text, prompt_id, number) VALUES (197,'Egilsstaðir eru á Austurlandi.',87,1);
INSERT INTO captini_prompt (id, prompt_number, flashcard_text , lesson_id,number) VALUES (88,'F32(5)','',12,5);
INSERT INTO captini_task (id, task_text, prompt_id, number) VALUES (198,'Heiða segir góðan daginn!',88,0);
INSERT INTO captini_task (id, task_text, prompt_id, number) VALUES (199,'Allt í lagi, segir Egill.',88,1);
INSERT INTO captini_prompt (id, prompt_number, flashcard_text , lesson_id,number) VALUES (89,'F32(6)','',12,6);
INSERT INTO captini_task (id, task_text, prompt_id, number) VALUES (200,'Snigillinn skreið yfir spegilinn.',89,0);
INSERT INTO captini_task (id, task_text, prompt_id, number) VALUES (201,'Ég keypti nýjan hvítan flygil.',89,1);
INSERT INTO captini_prompt (id, prompt_number, flashcard_text , lesson_id,number) VALUES (86,'F32(3)','',12,3);
INSERT INTO captini_task (id, task_text, prompt_id, number) VALUES (194,'Bogi býr í Kópavogi.',86,0);
INSERT INTO captini_task (id, task_text, prompt_id, number) VALUES (195,'Huginn er í löngu flugi.',86,1);
INSERT INTO captini_prompt (id, prompt_number, flashcard_text , lesson_id,number) VALUES (90,'F32(7)','',12,7);
INSERT INTO captini_task (id, task_text, prompt_id, number) VALUES (202,'Bogi hefur áhuga á tónlist.',90,0);
INSERT INTO captini_task (id, task_text, prompt_id, number) VALUES (203,'Áhugi Boga liggur í tónlist.',90,1);
INSERT INTO captini_lesson (id, topic_id, subject, description,number) VALUES (11,3,'Sérhljóð á undan ng/nk (vowels before ng/nk)','Takið eftir sérhljóðunum á undan ng og nk (notice the vowels before ng and nk).',2 );
INSERT INTO captini_prompt (id, prompt_number, flashcard_text , lesson_id,number) VALUES (77,'F31(1)','',11,1);
INSERT INTO captini_task (id, task_text, prompt_id, number) VALUES (176,'þangað – banki',77,0);
INSERT INTO captini_task (id, task_text, prompt_id, number) VALUES (177,'fingur – syngja',77,1);
INSERT INTO captini_prompt (id, prompt_number, flashcard_text , lesson_id,number) VALUES (78,'F31(2)','',11,2);
INSERT INTO captini_task (id, task_text, prompt_id, number) VALUES (178,'lengi – skenkja',78,0);
INSERT INTO captini_task (id, task_text, prompt_id, number) VALUES (179,'ungur – hlunkur',78,1);
INSERT INTO captini_prompt (id, prompt_number, flashcard_text , lesson_id,number) VALUES (79,'F31(3)','',11,3);
INSERT INTO captini_task (id, task_text, prompt_id, number) VALUES (180,'söngur – pönk',79,0);
INSERT INTO captini_task (id, task_text, prompt_id, number) VALUES (181,'Köngulóin söng pönktónlist!',79,1);
INSERT INTO captini_prompt (id, prompt_number, flashcard_text , lesson_id,number) VALUES (80,'F31(4)','',11,4);
INSERT INTO captini_task (id, task_text, prompt_id, number) VALUES (182,'Ætlarðu í bankann?',80,0);
INSERT INTO captini_task (id, task_text, prompt_id, number) VALUES (183,'Veistu hvað er langt þangað?',80,1);
INSERT INTO captini_prompt (id, prompt_number, flashcard_text , lesson_id,number) VALUES (81,'F31(5)','',11,5);
INSERT INTO captini_task (id, task_text, prompt_id, number) VALUES (184,'Ég var lengi á leiðinni heim.',81,0);
INSERT INTO captini_task (id, task_text, prompt_id, number) VALUES (185,'Hún bjó í Ungverjalandi þegar hún var ung.',81,1);
INSERT INTO captini_prompt (id, prompt_number, flashcard_text , lesson_id,number) VALUES (82,'F31(6)','',11,6);
INSERT INTO captini_task (id, task_text, prompt_id, number) VALUES (186,'Sungu söngvararnir vel í gær?',82,0);
INSERT INTO captini_task (id, task_text, prompt_id, number) VALUES (187,'Já, og þeir syngja líka vel í dag.',82,1);
INSERT INTO captini_prompt (id, prompt_number, flashcard_text , lesson_id,number) VALUES (83,'F31(7)','',11,7);
INSERT INTO captini_task (id, task_text, prompt_id, number) VALUES (188,'Það eru oftast fimm fingur á einni hendi.',83,0);
INSERT INTO captini_task (id, task_text, prompt_id, number) VALUES (189,'Hinkraðu aðeins og syngdu eitt lag enn.',83,1);
INSERT INTO captini_lesson (id, topic_id, subject, description,number) VALUES (14,3,'Setningar (sentences)','Æfið sérhljóðin í setningunum (practise the vowels in the sentences).',3 );
INSERT INTO captini_prompt (id, prompt_number, flashcard_text , lesson_id,number) VALUES (98,'F34(1)','',14,1);
INSERT INTO captini_task (id, task_text, prompt_id, number) VALUES (218,'Sjáiði! Þetta er Skógafoss.',98,0);
INSERT INTO captini_task (id, task_text, prompt_id, number) VALUES (219,'Skógafoss er neðsti fossinn í Skógaá.',98,1);
INSERT INTO captini_prompt (id, prompt_number, flashcard_text , lesson_id,number) VALUES (99,'F34(2)','',14,2);
INSERT INTO captini_task (id, task_text, prompt_id, number) VALUES (220,'Þessir fossar eru allir mjög fallegir.',99,0);
INSERT INTO captini_task (id, task_text, prompt_id, number) VALUES (221,'Fimmvörðuháls er ofan við Skógafoss.',99,1);
INSERT INTO captini_prompt (id, prompt_number, flashcard_text , lesson_id,number) VALUES (100,'F34(3)','',14,3);
INSERT INTO captini_task (id, task_text, prompt_id, number) VALUES (222,'Það er hægt að ganga yfir Fimmvörðuháls.',100,0);
INSERT INTO captini_task (id, task_text, prompt_id, number) VALUES (223,'Leiðin byrjar við Skógafoss.',100,1);
INSERT INTO captini_prompt (id, prompt_number, flashcard_text , lesson_id,number) VALUES (101,'F34(4)','',14,4);
INSERT INTO captini_task (id, task_text, prompt_id, number) VALUES (224,'Það er falleg leið sem heitir Laugavegur.',101,0);
INSERT INTO captini_task (id, task_text, prompt_id, number) VALUES (225,'Leiðin liggur milli Þórsmerkur og Landmannalauga.',101,1);
INSERT INTO captini_prompt (id, prompt_number, flashcard_text , lesson_id,number) VALUES (102,'F34(5)','',14,5);
INSERT INTO captini_task (id, task_text, prompt_id, number) VALUES (226,'Verslunargatan í Reykjavík heitir líka Laugavegur.',102,0);
INSERT INTO captini_task (id, task_text, prompt_id, number) VALUES (227,'Þar eru margar búðir.',102,1);
INSERT INTO captini_prompt (id, prompt_number, flashcard_text , lesson_id,number) VALUES (103,'F34(6)','',14,6);
INSERT INTO captini_task (id, task_text, prompt_id, number) VALUES (228,'Samkvæmt þjóðsögu er gull í Skógafossi.',103,0);
INSERT INTO captini_task (id, task_text, prompt_id, number) VALUES (229,'Engum hefur tekist að finna gullið.',103,1);
INSERT INTO captini_prompt (id, prompt_number, flashcard_text , lesson_id,number) VALUES (104,'F34(7)','',14,7);
INSERT INTO captini_task (id, task_text, prompt_id, number) VALUES (230,'Undir Eyjafjöllum eru margir fossar.',104,0);
INSERT INTO captini_task (id, task_text, prompt_id, number) VALUES (231,'Seljalandsfoss, Skógafoss og Írárfoss.',104,1);
INSERT INTO captini_lesson (id, topic_id, subject, description,number) VALUES (15,3,'Setningar (sentences)','Æfið sérhljóðin í setningunum (practise the vowels in the sentences).',4 );
INSERT INTO captini_prompt (id, prompt_number, flashcard_text , lesson_id,number) VALUES (105,'F35(1)','',15,1);
INSERT INTO captini_task (id, task_text, prompt_id, number) VALUES (232,'Góðan dag. Velkomin á Listasafn Íslands.',105,0);
INSERT INTO captini_task (id, task_text, prompt_id, number) VALUES (233,'Ég ætla að fá tvo miða.',105,1);
INSERT INTO captini_prompt (id, prompt_number, flashcard_text , lesson_id,number) VALUES (106,'F35(2)','',15,2);
INSERT INTO captini_task (id, task_text, prompt_id, number) VALUES (234,'Það eru 400 (fjögur hundruð) krónur.',106,0);
INSERT INTO captini_task (id, task_text, prompt_id, number) VALUES (235,'Gjörðu svo vel.',106,1);
INSERT INTO captini_prompt (id, prompt_number, flashcard_text , lesson_id,number) VALUES (107,'F35(3)','',15,3);
INSERT INTO captini_task (id, task_text, prompt_id, number) VALUES (236,'Góðan dag. Hvað kostar miðinn?',107,0);
INSERT INTO captini_task (id, task_text, prompt_id, number) VALUES (237,'Takk fyrir og góða skemmtun.',107,1);
INSERT INTO captini_prompt (id, prompt_number, flashcard_text , lesson_id,number) VALUES (108,'F35(4)','',15,4);
INSERT INTO captini_task (id, task_text, prompt_id, number) VALUES (238,'Hvað má bjóða ykkur?',108,0);
INSERT INTO captini_task (id, task_text, prompt_id, number) VALUES (239,'Við ætlum að fá tvo latte og eina kökusneið.',108,1);
INSERT INTO captini_prompt (id, prompt_number, flashcard_text , lesson_id,number) VALUES (109,'F35(5)','',15,5);
INSERT INTO captini_task (id, task_text, prompt_id, number) VALUES (240,'Viljið þið mjólk og sykur?',109,0);
INSERT INTO captini_task (id, task_text, prompt_id, number) VALUES (241,'Nei takk.',109,1);
INSERT INTO captini_prompt (id, prompt_number, flashcard_text , lesson_id,number) VALUES (110,'F35(6)','',15,6);
INSERT INTO captini_task (id, task_text, prompt_id, number) VALUES (242,'Verði þér að góðu.',110,0);
INSERT INTO captini_task (id, task_text, prompt_id, number) VALUES (243,'Verði ykkur að góðu.',110,1);
INSERT INTO captini_prompt (id, prompt_number, flashcard_text , lesson_id,number) VALUES (111,'F35(7)','',15,7);
INSERT INTO captini_task (id, task_text, prompt_id, number) VALUES (244,'Viltu poka?',111,0);
INSERT INTO captini_task (id, task_text, prompt_id, number) VALUES (245,'Já takk, þrjá.',111,1);
INSERT INTO captini_topic (id,topic_name, topic_description, number) VALUES (4,'Meira um samhljóð (more on consonants)', 'X', 4);
INSERT INTO captini_lesson (id, topic_id, subject, description,number) VALUES (16,4,'Aðblástur (preaspiration)','Takið eftir aðblæstri, h-hljóði, í eftirfarandi orðum (notice preaspiration, an h sound, in the following words).',0 );
INSERT INTO captini_prompt (id, prompt_number, flashcard_text , lesson_id,number) VALUES (112,'F41(1)','',16,1);
INSERT INTO captini_task (id, task_text, prompt_id, number) VALUES (246,'upplýsingar – appið',112,0);
INSERT INTO captini_task (id, task_text, prompt_id, number) VALUES (247,'náttúra – þetta',112,1);
INSERT INTO captini_prompt (id, prompt_number, flashcard_text , lesson_id,number) VALUES (113,'F41(2)','',16,2);
INSERT INTO captini_task (id, task_text, prompt_id, number) VALUES (248,'takk – þakka',113,0);
INSERT INTO captini_task (id, task_text, prompt_id, number) VALUES (249,'ekki – drykkja',113,1);
INSERT INTO captini_prompt (id, prompt_number, flashcard_text , lesson_id,number) VALUES (114,'F41(3)','',16,3);
INSERT INTO captini_task (id, task_text, prompt_id, number) VALUES (251,'skutla – vatnið',114,0);
INSERT INTO captini_prompt (id, prompt_number, flashcard_text , lesson_id,number) VALUES (115,'F41(4)','',16,4);
INSERT INTO captini_task (id, task_text, prompt_id, number) VALUES (252,'Hekla – sakna',115,0);
INSERT INTO captini_task (id, task_text, prompt_id, number) VALUES (253,'Hekla er þekkt íslenskt eldfjall.',115,1);
INSERT INTO captini_prompt (id, prompt_number, flashcard_text , lesson_id,number) VALUES (116,'F41(5)','',16,5);
INSERT INTO captini_task (id, task_text, prompt_id, number) VALUES (254,'Klöppum fyrir köttum okkar!',116,0);
INSERT INTO captini_task (id, task_text, prompt_id, number) VALUES (255,'Hann talar táknmál.',116,1);
INSERT INTO captini_prompt (id, prompt_number, flashcard_text , lesson_id,number) VALUES (117,'F41(6)','',16,6);
INSERT INTO captini_task (id, task_text, prompt_id, number) VALUES (256,'Atli býr á Vopnafirði.',117,0);
INSERT INTO captini_task (id, task_text, prompt_id, number) VALUES (257,'Bettý býr í blokk.',117,1);
INSERT INTO captini_prompt (id, prompt_number, flashcard_text , lesson_id,number) VALUES (118,'F41(7)','',16,7);
INSERT INTO captini_task (id, task_text, prompt_id, number) VALUES (258,'Hér eru átta flottar blokkir.',118,0);
INSERT INTO captini_task (id, task_text, prompt_id, number) VALUES (259,'Hrekkjavaka er gamall írskur siður.',118,1);
INSERT INTO captini_lesson (id, topic_id, subject, description,number) VALUES (18,4,'Önghljóðun (fricativisation)','Takið eftir hvernig stafirnir eru bornir fram öðruvísi en venjulega á undan t (notice how the letters are pronounced differently than usual before t).',1 );
INSERT INTO captini_prompt (id, prompt_number, flashcard_text , lesson_id,number) VALUES (126,'F43(1)','',18,1);
INSERT INTO captini_task (id, task_text, prompt_id, number) VALUES (273,'sagt – byggt',126,0);
INSERT INTO captini_task (id, task_text, prompt_id, number) VALUES (274,'sekt – slökkti',126,1);
INSERT INTO captini_prompt (id, prompt_number, flashcard_text , lesson_id,number) VALUES (127,'F43(2)','',18,2);
INSERT INTO captini_task (id, task_text, prompt_id, number) VALUES (275,'september – keypti',127,0);
INSERT INTO captini_task (id, task_text, prompt_id, number) VALUES (276,'keppti – sleppt',127,1);
INSERT INTO captini_prompt (id, prompt_number, flashcard_text , lesson_id,number) VALUES (128,'F43(3)','',18,3);
INSERT INTO captini_task (id, task_text, prompt_id, number) VALUES (277,'Ég hef ekki sagt það!',128,0);
INSERT INTO captini_task (id, task_text, prompt_id, number) VALUES (278,'Þau hafa byggt stórt hús.',128,1);
INSERT INTO captini_prompt (id, prompt_number, flashcard_text , lesson_id,number) VALUES (129,'F43(4)','',18,4);
INSERT INTO captini_task (id, task_text, prompt_id, number) VALUES (279,'Frænka mín fékk hraðasekt á Norðurlandi.',129,0);
INSERT INTO captini_task (id, task_text, prompt_id, number) VALUES (280,'Ég slökkti á lampanum.',129,1);
INSERT INTO captini_prompt (id, prompt_number, flashcard_text , lesson_id,number) VALUES (130,'F43(5)','',18,5);
INSERT INTO captini_task (id, task_text, prompt_id, number) VALUES (281,'Við keyptum nýjan bíl í september.',130,0);
INSERT INTO captini_task (id, task_text, prompt_id, number) VALUES (282,'Slepptirðu sveppunum?',130,1);
INSERT INTO captini_prompt (id, prompt_number, flashcard_text , lesson_id,number) VALUES (131,'F43(6)','',18,6);
INSERT INTO captini_task (id, task_text, prompt_id, number) VALUES (283,'Við keyptum okkur ferð til Egyptalands.',131,0);
INSERT INTO captini_task (id, task_text, prompt_id, number) VALUES (284,'Það skiptir engu máli!',131,1);
INSERT INTO captini_prompt (id, prompt_number, flashcard_text , lesson_id,number) VALUES (132,'F43(7)','',18,7);
INSERT INTO captini_task (id, task_text, prompt_id, number) VALUES (285,'hægt – hætt',132,0);
INSERT INTO captini_task (id, task_text, prompt_id, number) VALUES (286,'Haustfríið er í október.',132,1);
INSERT INTO captini_lesson (id, topic_id, subject, description,number) VALUES (20,4,'t-innskot (t epenthesis)','Takið eftir auka t-hljóði í sumum stafasamböndum (notice how some letter combinations are pronounced with an extra t sound).',2 );
INSERT INTO captini_prompt (id, prompt_number, flashcard_text , lesson_id,number) VALUES (140,'F45(1)','',20,1);
INSERT INTO captini_task (id, task_text, prompt_id, number) VALUES (301,'perla – snarl',140,0);
INSERT INTO captini_task (id, task_text, prompt_id, number) VALUES (302,'hérna – þarna',140,1);
INSERT INTO captini_prompt (id, prompt_number, flashcard_text , lesson_id,number) VALUES (141,'F45(2)','',20,2);
INSERT INTO captini_task (id, task_text, prompt_id, number) VALUES (303,'ruslið – kosningar',141,0);
INSERT INTO captini_task (id, task_text, prompt_id, number) VALUES (304,'Snjórinn er sleipur!',141,1);
INSERT INTO captini_prompt (id, prompt_number, flashcard_text , lesson_id,number) VALUES (142,'F45(3)','',20,3);
INSERT INTO captini_task (id, task_text, prompt_id, number) VALUES (305,'kalla – bolla',142,0);
INSERT INTO captini_task (id, task_text, prompt_id, number) VALUES (306,'Hallgrímur elskar rjómabollur.',142,1);
INSERT INTO captini_prompt (id, prompt_number, flashcard_text , lesson_id,number) VALUES (143,'F45(4)','',20,4);
INSERT INTO captini_task (id, task_text, prompt_id, number) VALUES (307,'einn – seinna',143,0);
INSERT INTO captini_task (id, task_text, prompt_id, number) VALUES (308,'Sýndu mér enn einn!',143,1);
INSERT INTO captini_prompt (id, prompt_number, flashcard_text , lesson_id,number) VALUES (144,'F45(5)','',20,5);
INSERT INTO captini_task (id, task_text, prompt_id, number) VALUES (309,'Það vantar einn stól og eitt borð.',144,0);
INSERT INTO captini_task (id, task_text, prompt_id, number) VALUES (310,'Brauð og kornvörur fást í matvörubúðinni.',144,1);
INSERT INTO captini_prompt (id, prompt_number, flashcard_text , lesson_id,number) VALUES (145,'F45(6)','',20,6);
INSERT INTO captini_task (id, task_text, prompt_id, number) VALUES (311,'Frænka mín heitir Erla.',145,0);
INSERT INTO captini_task (id, task_text, prompt_id, number) VALUES (312,'Finndu aðra lausn.',145,1);
INSERT INTO captini_prompt (id, prompt_number, flashcard_text , lesson_id,number) VALUES (146,'F45(7)','',20,7);
INSERT INTO captini_task (id, task_text, prompt_id, number) VALUES (313,'Opnaðu ofninn!',146,0);
INSERT INTO captini_task (id, task_text, prompt_id, number) VALUES (314,'Barnið vaknaði í vagninum.',146,1);
INSERT INTO captini_lesson (id, topic_id, subject, description,number) VALUES (17,4,'Afröddun (devoicing)','Takið eftir órödduðu hljóðunum á undan p, t og k (notice the unvoiced sounds before p, t, and k).',3 );
INSERT INTO captini_prompt (id, prompt_number, flashcard_text , lesson_id,number) VALUES (119,'F42(1)','',17,1);
INSERT INTO captini_task (id, task_text, prompt_id, number) VALUES (260,'hjálpa – úlpa',119,0);
INSERT INTO captini_task (id, task_text, prompt_id, number) VALUES (261,'hollt – kalt',119,1);
INSERT INTO captini_prompt (id, prompt_number, flashcard_text , lesson_id,number) VALUES (120,'F42(2)','',17,2);
INSERT INTO captini_task (id, task_text, prompt_id, number) VALUES (262,'fólk – mjólk',120,0);
INSERT INTO captini_task (id, task_text, prompt_id, number) VALUES (263,'sjónvarp – þorp',120,1);
INSERT INTO captini_prompt (id, prompt_number, flashcard_text , lesson_id,number) VALUES (121,'F42(3)','',17,3);
INSERT INTO captini_task (id, task_text, prompt_id, number) VALUES (264,'svartur – kort',121,0);
INSERT INTO captini_task (id, task_text, prompt_id, number) VALUES (265,'orka – Björk',121,1);
INSERT INTO captini_task (id, task_text, prompt_id, number) VALUES (250,'epli – vopnið',121,2);
INSERT INTO captini_prompt (id, prompt_number, flashcard_text , lesson_id,number) VALUES (122,'F42(4)','',17,4);
INSERT INTO captini_task (id, task_text, prompt_id, number) VALUES (266,'Í dag er mjög kalt úti.',122,0);
INSERT INTO captini_task (id, task_text, prompt_id, number) VALUES (267,'Þú verður að fara í svörtu úlpuna.',122,1);
INSERT INTO captini_prompt (id, prompt_number, flashcard_text , lesson_id,number) VALUES (123,'F42(5)','',17,5);
INSERT INTO captini_task (id, task_text, prompt_id, number) VALUES (268,'Viltu mjólk í kaffið?',123,0);
INSERT INTO captini_task (id, task_text, prompt_id, number) VALUES (269,'Þorpið er ekki svo stórt.',123,1);
INSERT INTO captini_prompt (id, prompt_number, flashcard_text , lesson_id,number) VALUES (124,'F42(6)','',17,6);
INSERT INTO captini_task (id, task_text, prompt_id, number) VALUES (270,'Flestir Bandaríkjamenn borða kalkún á þakkargjörðarhátíðinni.',124,0);
INSERT INTO captini_prompt (id, prompt_number, flashcard_text , lesson_id,number) VALUES (125,'F42(7)','',17,7);
INSERT INTO captini_task (id, task_text, prompt_id, number) VALUES (271,'Björk er fræg íslensk söngkona.',125,0);
INSERT INTO captini_task (id, task_text, prompt_id, number) VALUES (272,'Tónlist Bjarkar finnst mörgum heillandi.',125,1);
INSERT INTO captini_lesson (id, topic_id, subject, description,number) VALUES (19,4,'Lokhljóðun (stopping)','Takið eftir hvernig f og g eru borin fram öðruvísi en venjulega á undan l og n (Notice how the f and g are pronounced differently than usual before l and n).',4 );
INSERT INTO captini_prompt (id, prompt_number, flashcard_text , lesson_id,number) VALUES (133,'F44(1)','',19,1);
INSERT INTO captini_task (id, task_text, prompt_id, number) VALUES (287,'tefla – Keflavík',133,0);
INSERT INTO captini_task (id, task_text, prompt_id, number) VALUES (288,'skafl – afl',133,1);
INSERT INTO captini_prompt (id, prompt_number, flashcard_text , lesson_id,number) VALUES (134,'F44(2)','',19,2);
INSERT INTO captini_task (id, task_text, prompt_id, number) VALUES (289,'Hafnarfjörður – efni',134,0);
INSERT INTO captini_task (id, task_text, prompt_id, number) VALUES (290,'nafn – stofn',134,1);
INSERT INTO captini_prompt (id, prompt_number, flashcard_text , lesson_id,number) VALUES (135,'F44(3)','',19,3);
INSERT INTO captini_task (id, task_text, prompt_id, number) VALUES (291,'regla – lögregla',135,0);
INSERT INTO captini_task (id, task_text, prompt_id, number) VALUES (292,'hagl – rugl',135,1);
INSERT INTO captini_prompt (id, prompt_number, flashcard_text , lesson_id,number) VALUES (136,'F44(4)','',19,4);
INSERT INTO captini_task (id, task_text, prompt_id, number) VALUES (293,'rigna – þögn',136,0);
INSERT INTO captini_task (id, task_text, prompt_id, number) VALUES (294,'skyggni – skyggn',136,1);
INSERT INTO captini_prompt (id, prompt_number, flashcard_text , lesson_id,number) VALUES (137,'F44(5)','',19,5);
INSERT INTO captini_task (id, task_text, prompt_id, number) VALUES (295,'Hann er með frjótt ímyndunarafl.',137,0);
INSERT INTO captini_task (id, task_text, prompt_id, number) VALUES (296,'Mér finnst gaman að tefla í Keflavík.',137,1);
INSERT INTO captini_prompt (id, prompt_number, flashcard_text , lesson_id,number) VALUES (138,'F44(6)','',19,6);
INSERT INTO captini_task (id, task_text, prompt_id, number) VALUES (297,'Við ætlum að gera verkefni í Hafnarfirði.',138,0);
INSERT INTO captini_task (id, task_text, prompt_id, number) VALUES (298,'Lögreglan var kölluð út.',138,1);
INSERT INTO captini_prompt (id, prompt_number, flashcard_text , lesson_id,number) VALUES (139,'F44(7)','',19,7);
INSERT INTO captini_task (id, task_text, prompt_id, number) VALUES (299,'Það rignir í logni.',139,0);
INSERT INTO captini_task (id, task_text, prompt_id, number) VALUES (300,'Þetta er algjört rugl!',139,1);
INSERT INTO captini_topic (id,topic_name, topic_description, number) VALUES (6,'Hrynjandi (prosody)', 'X', 6);
INSERT INTO captini_lesson (id, topic_id, subject, description,number) VALUES (26,6,'Sérhljóð í áhersluleysi (unstressed vowels)','Takið eftir sérhljóðunum a, i og u í seinni hluta orða (notice the vowels a, i, u in other syllables than the first one.',0 );
INSERT INTO captini_prompt (id, prompt_number, flashcard_text , lesson_id,number) VALUES (182,'F61(1)','',26,1);
INSERT INTO captini_task (id, task_text, prompt_id, number) VALUES (390,'Ég er glaður, þeir eru glaðir, þær eru glaðar.',182,0);
INSERT INTO captini_task (id, task_text, prompt_id, number) VALUES (389,'kæri – kæra – kæru',182,1);
INSERT INTO captini_prompt (id, prompt_number, flashcard_text , lesson_id,number) VALUES (183,'F61(2)','',26,2);
INSERT INTO captini_task (id, task_text, prompt_id, number) VALUES (391,'Hann veiddi fisk en þau veiddu humar.',183,0);
INSERT INTO captini_task (id, task_text, prompt_id, number) VALUES (392,'Finnst þér gaman að veiða fisk?',183,1);
INSERT INTO captini_prompt (id, prompt_number, flashcard_text , lesson_id,number) VALUES (184,'F61(3)','',26,3);
INSERT INTO captini_task (id, task_text, prompt_id, number) VALUES (393,'Kæru gestir! Velkomnir til Akureyrar.',184,0);
INSERT INTO captini_task (id, task_text, prompt_id, number) VALUES (394,'Kæra Þóra. Velkomin til Reykjavíkur.',184,1);
INSERT INTO captini_prompt (id, prompt_number, flashcard_text , lesson_id,number) VALUES (185,'F61(4)','',26,4);
INSERT INTO captini_task (id, task_text, prompt_id, number) VALUES (395,'Ég ætla að vera í Skotlandi í marga daga, jafnvel í margar vikur.',185,0);
INSERT INTO captini_prompt (id, prompt_number, flashcard_text , lesson_id,number) VALUES (186,'F61(5)','',26,5);
INSERT INTO captini_task (id, task_text, prompt_id, number) VALUES (396,'Okkur vantar marga stóla og margar tölvur.',186,0);
INSERT INTO captini_task (id, task_text, prompt_id, number) VALUES (397,'Nemendurnir spurðu margra spurninga.',186,1);
INSERT INTO captini_prompt (id, prompt_number, flashcard_text , lesson_id,number) VALUES (187,'F61(6)','',26,6);
INSERT INTO captini_task (id, task_text, prompt_id, number) VALUES (398,'Þær bjuggu í París í mörg ár.',187,0);
INSERT INTO captini_task (id, task_text, prompt_id, number) VALUES (399,'Ég fer til Parísar í næstu viku.',187,1);
INSERT INTO captini_prompt (id, prompt_number, flashcard_text , lesson_id,number) VALUES (188,'F61(7)','',26,7);
INSERT INTO captini_task (id, task_text, prompt_id, number) VALUES (400,'16. (sextándi) nóvember er dagur íslenskrar tungu.',188,0);
INSERT INTO captini_task (id, task_text, prompt_id, number) VALUES (401,'Á degi íslenskrar tungu eru margir viðburðir.',188,1);
INSERT INTO captini_lesson (id, topic_id, subject, description,number) VALUES (28,6,'Áhersla alltaf á fyrsta atkvæði (stress is always on the first syllable)','Í íslensku er áhersla alltaf á fyrsta atkvæði orðs (in Icelandic, stress is always on the first syllable of a word).',1 );
INSERT INTO captini_prompt (id, prompt_number, flashcard_text , lesson_id,number) VALUES (196,'F63(1)','',28,1);
INSERT INTO captini_task (id, task_text, prompt_id, number) VALUES (416,'Bróðir minn er íþróttafréttamaður.',196,0);
INSERT INTO captini_task (id, task_text, prompt_id, number) VALUES (417,'Systir mín vinnur í Utanríkisráðuneytinu.',196,1);
INSERT INTO captini_prompt (id, prompt_number, flashcard_text , lesson_id,number) VALUES (197,'F63(2)','',28,2);
INSERT INTO captini_task (id, task_text, prompt_id, number) VALUES (418,'Hún er forsætisráðherra Íslands.',197,0);
INSERT INTO captini_task (id, task_text, prompt_id, number) VALUES (419,'Loftið er heitt í Vaðlaheiðargöngum.',197,1);
INSERT INTO captini_prompt (id, prompt_number, flashcard_text , lesson_id,number) VALUES (198,'F63(3)','',28,3);
INSERT INTO captini_task (id, task_text, prompt_id, number) VALUES (420,'Þau fóru á nýjan grænmetisveitingastað.',198,0);
INSERT INTO captini_task (id, task_text, prompt_id, number) VALUES (421,'Eyjafjallajökull sést frá Hvolsvelli.',198,1);
INSERT INTO captini_prompt (id, prompt_number, flashcard_text , lesson_id,number) VALUES (199,'F63(4)','',28,4);
INSERT INTO captini_task (id, task_text, prompt_id, number) VALUES (422,'Flúðir eru í Hrunamannahreppi.',199,0);
INSERT INTO captini_task (id, task_text, prompt_id, number) VALUES (423,'Raufarhöfn er á Melrakkasléttu.',199,1);
INSERT INTO captini_prompt (id, prompt_number, flashcard_text , lesson_id,number) VALUES (200,'F63(5)','',28,5);
INSERT INTO captini_task (id, task_text, prompt_id, number) VALUES (424,'Við ætlum til Svartfjallalands næsta sumar.',200,0);
INSERT INTO captini_task (id, task_text, prompt_id, number) VALUES (425,'Viljiði koma með í ísbíltúr?',200,1);
INSERT INTO captini_prompt (id, prompt_number, flashcard_text , lesson_id,number) VALUES (201,'F63(6)','',28,6);
INSERT INTO captini_task (id, task_text, prompt_id, number) VALUES (426,'Hann er hugbúnaðarverkfræðingur.',201,0);
INSERT INTO captini_task (id, task_text, prompt_id, number) VALUES (427,'Ég keypti nýjan snjallsíma í gær.',201,1);
INSERT INTO captini_prompt (id, prompt_number, flashcard_text , lesson_id,number) VALUES (202,'F63(7)','',28,7);
INSERT INTO captini_task (id, task_text, prompt_id, number) VALUES (428,'Framburðaræfingarnar eru skemmtilegar.',202,0);
INSERT INTO captini_task (id, task_text, prompt_id, number) VALUES (429,'Í gær lærði ég nýtt lýsingarorð.',202,1);
INSERT INTO captini_lesson (id, topic_id, subject, description,number) VALUES (29,6,'Setningaráhersla (sentence stress)','Takið eftir hvaða orð í setningunum hafa áherslu (notice which words in the sentences are stressed).',2 );
INSERT INTO captini_prompt (id, prompt_number, flashcard_text , lesson_id,number) VALUES (203,'F64(1)','',29,1);
INSERT INTO captini_task (id, task_text, prompt_id, number) VALUES (430,'Hann fer á morgun.',203,0);
INSERT INTO captini_task (id, task_text, prompt_id, number) VALUES (431,'Penninn er á borðinu.',203,1);
INSERT INTO captini_prompt (id, prompt_number, flashcard_text , lesson_id,number) VALUES (204,'F64(2)','',29,2);
INSERT INTO captini_task (id, task_text, prompt_id, number) VALUES (432,'Ég fer í fyrramálið.',204,0);
INSERT INTO captini_task (id, task_text, prompt_id, number) VALUES (433,'Hún stundar nám við háskólann.',204,1);
INSERT INTO captini_prompt (id, prompt_number, flashcard_text , lesson_id,number) VALUES (205,'F64(3)','',29,3);
INSERT INTO captini_task (id, task_text, prompt_id, number) VALUES (434,'Þeir fóru til Edinborgar.',205,0);
INSERT INTO captini_task (id, task_text, prompt_id, number) VALUES (435,'Ég er að fara til mömmu.',205,1);
INSERT INTO captini_prompt (id, prompt_number, flashcard_text , lesson_id,number) VALUES (206,'F64(4)','',29,4);
INSERT INTO captini_task (id, task_text, prompt_id, number) VALUES (436,'Ég fer úr peysunni.',206,0);
INSERT INTO captini_task (id, task_text, prompt_id, number) VALUES (437,'Ása er frá Akureyri.',206,1);
INSERT INTO captini_prompt (id, prompt_number, flashcard_text , lesson_id,number) VALUES (207,'F64(5)','',29,5);
INSERT INTO captini_task (id, task_text, prompt_id, number) VALUES (438,'Við förum úr skónum.',207,0);
INSERT INTO captini_task (id, task_text, prompt_id, number) VALUES (439,'Síðan förum við aftur í skóna.',207,1);
INSERT INTO captini_prompt (id, prompt_number, flashcard_text , lesson_id,number) VALUES (208,'F64(6)','',29,6);
INSERT INTO captini_task (id, task_text, prompt_id, number) VALUES (440,'Ég ætla að fara heim.',208,0);
INSERT INTO captini_task (id, task_text, prompt_id, number) VALUES (441,'Viljiði elda kjúkling í kvöld?',208,1);
INSERT INTO captini_prompt (id, prompt_number, flashcard_text , lesson_id,number) VALUES (209,'F64(7)','',29,7);
INSERT INTO captini_task (id, task_text, prompt_id, number) VALUES (442,'Við spjölluðum lengi í gærkvöldi.',209,0);
INSERT INTO captini_task (id, task_text, prompt_id, number) VALUES (443,'Ég ætla að fara þangað á morgun.',209,1);
INSERT INTO captini_prompt (id, prompt_number, flashcard_text , lesson_id,number) VALUES (216,'F65(7)','',29,7);
INSERT INTO captini_task (id, task_text, prompt_id, number) VALUES (456,'Mér fannst þetta bara svo ótrúlega spennandi.',216,0);
INSERT INTO captini_task (id, task_text, prompt_id, number) VALUES (457,'Bless í bili.',216,1);
INSERT INTO captini_lesson (id, topic_id, subject, description,number) VALUES (27,6,'Áhersla (stress)','Takið eftir orðum í setningunum sem bera áherslu (notice which words in the sentences are stressed).',3 );
INSERT INTO captini_prompt (id, prompt_number, flashcard_text , lesson_id,number) VALUES (189,'F62(1)','',27,1);
INSERT INTO captini_task (id, task_text, prompt_id, number) VALUES (402,'Ég horfði á hann.',189,0);
INSERT INTO captini_task (id, task_text, prompt_id, number) VALUES (403,'Talaðu við hana.',189,1);
INSERT INTO captini_prompt (id, prompt_number, flashcard_text , lesson_id,number) VALUES (190,'F62(2)','',27,2);
INSERT INTO captini_task (id, task_text, prompt_id, number) VALUES (404,'Ég heyri ekki í ykkur.',190,0);
INSERT INTO captini_task (id, task_text, prompt_id, number) VALUES (405,'Heyriði í mér?',190,1);
INSERT INTO captini_prompt (id, prompt_number, flashcard_text , lesson_id,number) VALUES (191,'F62(3)','',27,3);
INSERT INTO captini_task (id, task_text, prompt_id, number) VALUES (406,'Það er ekkert á milli þeirra.',191,0);
INSERT INTO captini_task (id, task_text, prompt_id, number) VALUES (407,'Má ég koma með þér?',191,1);
INSERT INTO captini_prompt (id, prompt_number, flashcard_text , lesson_id,number) VALUES (192,'F62(4)','',27,4);
INSERT INTO captini_task (id, task_text, prompt_id, number) VALUES (408,'Viljiði koma með mér?',192,0);
INSERT INTO captini_task (id, task_text, prompt_id, number) VALUES (409,'Ég var hjá henni í marga daga.',192,1);
INSERT INTO captini_prompt (id, prompt_number, flashcard_text , lesson_id,number) VALUES (193,'F62(5)','',27,5);
INSERT INTO captini_task (id, task_text, prompt_id, number) VALUES (410,'Komdu til mín.',193,0);
INSERT INTO captini_task (id, task_text, prompt_id, number) VALUES (411,'Farðu úr henni.',193,1);
INSERT INTO captini_prompt (id, prompt_number, flashcard_text , lesson_id,number) VALUES (194,'F62(6)','',27,6);
INSERT INTO captini_task (id, task_text, prompt_id, number) VALUES (412,'Þú fórst frá mér.',194,0);
INSERT INTO captini_task (id, task_text, prompt_id, number) VALUES (413,'Hún fór til hans.',194,1);
INSERT INTO captini_prompt (id, prompt_number, flashcard_text , lesson_id,number) VALUES (195,'F62(7)','',27,7);
INSERT INTO captini_task (id, task_text, prompt_id, number) VALUES (414,'Hann fór frá honum.',195,0);
INSERT INTO captini_task (id, task_text, prompt_id, number) VALUES (415,'Ég hlustaði á þá.',195,1);
INSERT INTO captini_lesson (id, topic_id, subject, description,number) VALUES (30,6,'Setningar (sentences)','Takið eftir hrynjandi í setningunum (notice the pattern of stress and intonation in the sentences).',4 );
INSERT INTO captini_prompt (id, prompt_number, flashcard_text , lesson_id,number) VALUES (210,'F65(1)','',30,1);
INSERT INTO captini_task (id, task_text, prompt_id, number) VALUES (444,'Nú, vissir þú það?',210,0);
INSERT INTO captini_task (id, task_text, prompt_id, number) VALUES (445,'Nei! Það kom mér svolítið á óvart!',210,1);
INSERT INTO captini_prompt (id, prompt_number, flashcard_text , lesson_id,number) VALUES (211,'F65(2)','',30,2);
INSERT INTO captini_task (id, task_text, prompt_id, number) VALUES (446,'Æi, hættu þessu bara.',211,0);
INSERT INTO captini_task (id, task_text, prompt_id, number) VALUES (447,'Ég skil þetta ekki alveg.',211,1);
INSERT INTO captini_prompt (id, prompt_number, flashcard_text , lesson_id,number) VALUES (212,'F65(3)','',30,3);
INSERT INTO captini_task (id, task_text, prompt_id, number) VALUES (448,'Já, þetta var nú aðeins betra, ha!',212,0);
INSERT INTO captini_task (id, task_text, prompt_id, number) VALUES (449,'Ég bara skil ekki hvað er í gangi.',212,1);
INSERT INTO captini_prompt (id, prompt_number, flashcard_text , lesson_id,number) VALUES (213,'F65(4)','',30,4);
INSERT INTO captini_task (id, task_text, prompt_id, number) VALUES (450,'Jæja, þetta er orðið gott. Förum.',213,0);
INSERT INTO captini_task (id, task_text, prompt_id, number) VALUES (451,'Það vissi ég alls ekki.',213,1);
INSERT INTO captini_prompt (id, prompt_number, flashcard_text , lesson_id,number) VALUES (214,'F65(5)','',30,5);
INSERT INTO captini_task (id, task_text, prompt_id, number) VALUES (452,'Góðan og blessaðan daginn, Maggi minn.',214,0);
INSERT INTO captini_task (id, task_text, prompt_id, number) VALUES (453,'Já, við gerum það. Bless.',214,1);
INSERT INTO captini_prompt (id, prompt_number, flashcard_text , lesson_id,number) VALUES (215,'F65(6)','',30,6);
INSERT INTO captini_task (id, task_text, prompt_id, number) VALUES (454,'Hittumst klukkan hálfsjö.',215,0);
INSERT INTO captini_task (id, task_text, prompt_id, number) VALUES (455,'Mig langar að fara til Nýja-Sjálands.',215,1);
INSERT INTO captini_topic (id,topic_name, topic_description, number) VALUES (2,'Samhljóð (consonants)', 'X HÉR ER KRAFIST TEXTA SEM EKKI ER ÞÖRF Á ATH', 2);
INSERT INTO captini_lesson (id, topic_id, subject, description,number) VALUES (7,2,'Önghljóð (fricatives)','Hlustið á framburð f, v, þ, ð, s, j, k, g, h (listen to the pronunciation of f, v, þ, ð, s, j, k, g, h).',0 );
INSERT INTO captini_prompt (id, prompt_number, flashcard_text , lesson_id,number) VALUES (49,'F22(1)','',7,1);
INSERT INTO captini_task (id, task_text, prompt_id, number) VALUES (121,'fyndin – kaffi',49,0);
INSERT INTO captini_task (id, task_text, prompt_id, number) VALUES (122,'veit – skrifa',49,1);
INSERT INTO captini_prompt (id, prompt_number, flashcard_text , lesson_id,number) VALUES (50,'F22(2)','',7,2);
INSERT INTO captini_task (id, task_text, prompt_id, number) VALUES (123,'þessi – þrír',50,0);
INSERT INTO captini_task (id, task_text, prompt_id, number) VALUES (124,'þriðji – maður',50,1);
INSERT INTO captini_prompt (id, prompt_number, flashcard_text , lesson_id,number) VALUES (51,'F22(3)','',7,3);
INSERT INTO captini_task (id, task_text, prompt_id, number) VALUES (125,'safnið – íslenskur',51,0);
INSERT INTO captini_task (id, task_text, prompt_id, number) VALUES (126,'skemmtun – kosta',51,1);
INSERT INTO captini_prompt (id, prompt_number, flashcard_text , lesson_id,number) VALUES (52,'F22(4)','',7,4);
INSERT INTO captini_task (id, task_text, prompt_id, number) VALUES (127,'hjá – já',52,0);
INSERT INTO captini_task (id, task_text, prompt_id, number) VALUES (128,'fjögur – vilja',52,1);
INSERT INTO captini_prompt (id, prompt_number, flashcard_text , lesson_id,number) VALUES (53,'F22(5)','',7,5);
INSERT INTO captini_task (id, task_text, prompt_id, number) VALUES (129,'sagt – þekkt',53,0);
INSERT INTO captini_task (id, task_text, prompt_id, number) VALUES (130,'dagur – auglýsa',53,1);
INSERT INTO captini_prompt (id, prompt_number, flashcard_text , lesson_id,number) VALUES (54,'F22(6)','',7,6);
INSERT INTO captini_task (id, task_text, prompt_id, number) VALUES (131,'Hann heitir Hannes.',54,0);
INSERT INTO captini_task (id, task_text, prompt_id, number) VALUES (132,'Hún heitir Hanna.',54,1);
INSERT INTO captini_prompt (id, prompt_number, flashcard_text , lesson_id,number) VALUES (55,'F22(7)','',7,7);
INSERT INTO captini_task (id, task_text, prompt_id, number) VALUES (133,'Gjörðu svo vel!',55,0);
INSERT INTO captini_task (id, task_text, prompt_id, number) VALUES (134,'Þetta er spennandi saga.',55,1);
INSERT INTO captini_lesson (id, topic_id, subject, description,number) VALUES (6,2,'Lokhljóð (stops)','Hlustið á framburð p, b, t, d, k, g í orðunum (listen to the pronunciation of p, b, t, d, k, g).',1 );
INSERT INTO captini_prompt (id, prompt_number, flashcard_text , lesson_id,number) VALUES (42,'F21(1)','',6,1);
INSERT INTO captini_task (id, task_text, prompt_id, number) VALUES (107,'par – plan',42,0);
INSERT INTO captini_task (id, task_text, prompt_id, number) VALUES (108,'bíó – blað',42,1);
INSERT INTO captini_prompt (id, prompt_number, flashcard_text , lesson_id,number) VALUES (43,'F21(2)','',6,2);
INSERT INTO captini_task (id, task_text, prompt_id, number) VALUES (109,'tala – troða',43,0);
INSERT INTO captini_task (id, task_text, prompt_id, number) VALUES (110,'dala – drengur',43,1);
INSERT INTO captini_prompt (id, prompt_number, flashcard_text , lesson_id,number) VALUES (44,'F21(3)','',6,3);
INSERT INTO captini_task (id, task_text, prompt_id, number) VALUES (111,'kjósa – kæra',44,0);
INSERT INTO captini_task (id, task_text, prompt_id, number) VALUES (112,'gjósa – gæra',44,1);
INSERT INTO captini_prompt (id, prompt_number, flashcard_text , lesson_id,number) VALUES (45,'F21(4)','',6,4);
INSERT INTO captini_task (id, task_text, prompt_id, number) VALUES (113,'kona – kvikmynd',45,0);
INSERT INTO captini_task (id, task_text, prompt_id, number) VALUES (114,'gamall – glaður',45,1);
INSERT INTO captini_prompt (id, prompt_number, flashcard_text , lesson_id,number) VALUES (46,'F21(5)','',6,5);
INSERT INTO captini_task (id, task_text, prompt_id, number) VALUES (115,'Kæru gestir.',46,0);
INSERT INTO captini_task (id, task_text, prompt_id, number) VALUES (116,'Velkomnir í bíó.',46,1);
INSERT INTO captini_prompt (id, prompt_number, flashcard_text , lesson_id,number) VALUES (47,'F21(6)','',6,6);
INSERT INTO captini_task (id, task_text, prompt_id, number) VALUES (117,'Dóri Geir bíður Gunnu.',47,0);
INSERT INTO captini_task (id, task_text, prompt_id, number) VALUES (118,'Viltu fara í bíó?',47,1);
INSERT INTO captini_prompt (id, prompt_number, flashcard_text , lesson_id,number) VALUES (48,'F21(7)','',6,7);
INSERT INTO captini_task (id, task_text, prompt_id, number) VALUES (119,'Hvað er klukkan?',48,0);
INSERT INTO captini_task (id, task_text, prompt_id, number) VALUES (120,'Kári talar pólsku.',48,1);
INSERT INTO captini_lesson (id, topic_id, subject, description,number) VALUES (10,2,'Löng og stutt samhljóð (long and short consonants)','Takið eftir muninum á löngum og stuttum samhljóðum inni í orðum og í lok orða (notice the difference between long and short consonant sounds inside and at the end of words)  INSIDE?',2 );
INSERT INTO captini_prompt (id, prompt_number, flashcard_text , lesson_id,number) VALUES (70,'F25(1)','',10,1);
INSERT INTO captini_task (id, task_text, prompt_id, number) VALUES (163,'Ég sit á kaffihúsi.',70,0);
INSERT INTO captini_task (id, task_text, prompt_id, number) VALUES (164,'Ég borða köku með rjóma.',70,1);
INSERT INTO captini_prompt (id, prompt_number, flashcard_text , lesson_id,number) VALUES (71,'F25(2)','',10,2);
INSERT INTO captini_task (id, task_text, prompt_id, number) VALUES (165,'Það var mikið mannlíf í borginni.',71,0);
INSERT INTO captini_task (id, task_text, prompt_id, number) VALUES (166,'Hann er fimm árum yngri en hún.',71,1);
INSERT INTO captini_prompt (id, prompt_number, flashcard_text , lesson_id,number) VALUES (72,'F25(3)','',10,3);
INSERT INTO captini_task (id, task_text, prompt_id, number) VALUES (167,'Það væri betra ef íbúðin væri stærri.',72,0);
INSERT INTO captini_task (id, task_text, prompt_id, number) VALUES (168,'Amma semur rokktónlist.',72,1);
INSERT INTO captini_prompt (id, prompt_number, flashcard_text , lesson_id,number) VALUES (73,'F25(4)','',10,4);
INSERT INTO captini_task (id, task_text, prompt_id, number) VALUES (169,'Addi lætur sig alltaf hverfa snemma.',73,0);
INSERT INTO captini_task (id, task_text, prompt_id, number) VALUES (170,'Við erum í Lækjargötu.',73,1);
INSERT INTO captini_prompt (id, prompt_number, flashcard_text , lesson_id,number) VALUES (74,'F25(5)','',10,5);
INSERT INTO captini_task (id, task_text, prompt_id, number) VALUES (171,'Stebbi hlóð niður nýju appi.',74,0);
INSERT INTO captini_task (id, task_text, prompt_id, number) VALUES (172,'Afi kemur í kaffi á morgun.',74,1);
INSERT INTO captini_prompt (id, prompt_number, flashcard_text , lesson_id,number) VALUES (75,'F25(6)','',10,6);
INSERT INTO captini_task (id, task_text, prompt_id, number) VALUES (173,'Ég verð að fara núna!',75,0);
INSERT INTO captini_task (id, task_text, prompt_id, number) VALUES (174,'Pabbi sá apa í garðinum.',75,1);
INSERT INTO captini_prompt (id, prompt_number, flashcard_text , lesson_id,number) VALUES (76,'F25(7)','',10,7);
INSERT INTO captini_task (id, task_text, prompt_id, number) VALUES (175,'Hanna bakar pönnukökur með þeyttum rjóma og jarðarberjasultu.',76,0);
INSERT INTO captini_lesson (id, topic_id, subject, description,number) VALUES (9,2,'Hliðar- og sveifluhljóð (laterals and trills)','Hlustið á framburð l og r (listen to the pronunciation of l og r ). NÝTT',3 );
INSERT INTO captini_prompt (id, prompt_number, flashcard_text , lesson_id,number) VALUES (63,'F24(1)','',9,1);
INSERT INTO captini_task (id, task_text, prompt_id, number) VALUES (149,'linur – hlynur',63,0);
INSERT INTO captini_task (id, task_text, prompt_id, number) VALUES (150,'ljóð – hljóð',63,1);
INSERT INTO captini_prompt (id, prompt_number, flashcard_text , lesson_id,number) VALUES (64,'F24(2)','',9,2);
INSERT INTO captini_task (id, task_text, prompt_id, number) VALUES (151,'sól – mál',64,0);
INSERT INTO captini_task (id, task_text, prompt_id, number) VALUES (152,'Allt í lagi!',64,1);
INSERT INTO captini_prompt (id, prompt_number, flashcard_text , lesson_id,number) VALUES (65,'F24(3)','',9,3);
INSERT INTO captini_task (id, task_text, prompt_id, number) VALUES (153,'rista – hrista',65,0);
INSERT INTO captini_task (id, task_text, prompt_id, number) VALUES (154,'Björg – Björk',65,1);
INSERT INTO captini_prompt (id, prompt_number, flashcard_text , lesson_id,number) VALUES (66,'F24(4)','',9,4);
INSERT INTO captini_task (id, task_text, prompt_id, number) VALUES (155,'Hrafnarnir fljúga hátt yfir þorpinu.',66,0);
INSERT INTO captini_task (id, task_text, prompt_id, number) VALUES (156,'Þeir eru svartir.',66,1);
INSERT INTO captini_prompt (id, prompt_number, flashcard_text , lesson_id,number) VALUES (67,'F24(5)','',9,5);
INSERT INTO captini_task (id, task_text, prompt_id, number) VALUES (157,'Lína Vilhjálmsdóttir er læknir.',67,0);
INSERT INTO captini_task (id, task_text, prompt_id, number) VALUES (158,'Hún vinnur á Landspítalanum.',67,1);
INSERT INTO captini_prompt (id, prompt_number, flashcard_text , lesson_id,number) VALUES (69,'F24(7)','',9,7);
INSERT INTO captini_task (id, task_text, prompt_id, number) VALUES (162,'Það er partí hjá Hrafnhildi um helgina.',69,0);
INSERT INTO captini_task (id, task_text, prompt_id, number) VALUES (161,'Er það Björg eða Björk?',69,1);
INSERT INTO captini_prompt (id, prompt_number, flashcard_text , lesson_id,number) VALUES (68,'F24(6)','',9,6);
INSERT INTO captini_task (id, task_text, prompt_id, number) VALUES (159,'Viltu hjálpa mér?',68,0);
INSERT INTO captini_task (id, task_text, prompt_id, number) VALUES (160,'Já, ekkert mál!',68,1);
INSERT INTO captini_lesson (id, topic_id, subject, description,number) VALUES (8,2,'Nefhljóð (nasals)','Hlustið á framburð m og n (listen to the pronunciation of m and n).  NÝTT',4 );
INSERT INTO captini_prompt (id, prompt_number, flashcard_text , lesson_id,number) VALUES (57,'F23(2)','',8,2);
INSERT INTO captini_task (id, task_text, prompt_id, number) VALUES (137,'Nói',57,0);
INSERT INTO captini_task (id, task_text, prompt_id, number) VALUES (138,'sunnudagur',57,1);
INSERT INTO captini_task (id, task_text, prompt_id, number) VALUES (139,'nýta – hnýta',57,2);
INSERT INTO captini_task (id, task_text, prompt_id, number) VALUES (140,'sýnd – sýnt',57,3);
INSERT INTO captini_prompt (id, prompt_number, flashcard_text , lesson_id,number) VALUES (58,'F23(3)','',8,3);
INSERT INTO captini_task (id, task_text, prompt_id, number) VALUES (141,'enginn – banki',58,0);
INSERT INTO captini_task (id, task_text, prompt_id, number) VALUES (142,'Hér er enginn banki!',58,1);
INSERT INTO captini_prompt (id, prompt_number, flashcard_text , lesson_id,number) VALUES (59,'F23(4)','',8,4);
INSERT INTO captini_task (id, task_text, prompt_id, number) VALUES (143,'langur – langt',59,0);
INSERT INTO captini_task (id, task_text, prompt_id, number) VALUES (144,'Það er langt í bankann!',59,1);
INSERT INTO captini_prompt (id, prompt_number, flashcard_text , lesson_id,number) VALUES (60,'F23(5)','',8,5);
INSERT INTO captini_task (id, task_text, prompt_id, number) VALUES (145,'Myndin verður sýnd á sunnudaginn.',60,0);
INSERT INTO captini_prompt (id, prompt_number, flashcard_text , lesson_id,number) VALUES (61,'F23(6)','',8,6);
INSERT INTO captini_task (id, task_text, prompt_id, number) VALUES (146,'Bankinn er langt í burtu.',61,0);
INSERT INTO captini_task (id, task_text, prompt_id, number) VALUES (147,'Við keyrum fimmtán kílómetra.',61,1);
INSERT INTO captini_prompt (id, prompt_number, flashcard_text , lesson_id,number) VALUES (62,'F23(7)','',8,7);
INSERT INTO captini_task (id, task_text, prompt_id, number) VALUES (148,'Nonni nennti ekki að fara þangað, það var svo langt í burtu.',62,0);
INSERT INTO captini_prompt (id, prompt_number, flashcard_text , lesson_id,number) VALUES (56,'F23(1)','',8,1);
INSERT INTO captini_task (id, task_text, prompt_id, number) VALUES (135,'mynd – fimm',56,0);
INSERT INTO captini_task (id, task_text, prompt_id, number) VALUES (136,'fimmtudagur – samt',56,1);
INSERT INTO captini_topic (id,topic_name, topic_description, number) VALUES (5,'Samlaganir og brottföll (assimilations and deletions)', 'X', 5);
INSERT INTO captini_lesson (id, topic_id, subject, description,number) VALUES (22,5,'Brottfall sérhljóða (deletions of vowels)','Takið eftir hvaða bókstafir eru ekki bornir fram (notice which vowels are not pronounced).',0 );
INSERT INTO captini_prompt (id, prompt_number, flashcard_text , lesson_id,number) VALUES (154,'F52(1)','',22,1);
INSERT INTO captini_task (id, task_text, prompt_id, number) VALUES (329,'Ég ætla að fara heim.',154,0);
INSERT INTO captini_task (id, task_text, prompt_id, number) VALUES (330,'Ég borða ekki kjöt.',154,1);
INSERT INTO captini_prompt (id, prompt_number, flashcard_text , lesson_id,number) VALUES (155,'F52(2)','',22,2);
INSERT INTO captini_task (id, task_text, prompt_id, number) VALUES (331,'Kemurðu á morgun?',155,0);
INSERT INTO captini_task (id, task_text, prompt_id, number) VALUES (332,'Komdu á morgun.',155,1);
INSERT INTO captini_prompt (id, prompt_number, flashcard_text , lesson_id,number) VALUES (156,'F52(3)','',22,3);
INSERT INTO captini_task (id, task_text, prompt_id, number) VALUES (333,'Hún borðar ekki á morgnana.',156,0);
INSERT INTO captini_task (id, task_text, prompt_id, number) VALUES (334,'Hann ætlar að kaupa allar jólagjafirnar.',156,1);
INSERT INTO captini_prompt (id, prompt_number, flashcard_text , lesson_id,number) VALUES (157,'F52(4)','',22,4);
INSERT INTO captini_task (id, task_text, prompt_id, number) VALUES (335,'Allir þurfa að fá peninga.',157,0);
INSERT INTO captini_task (id, task_text, prompt_id, number) VALUES (336,'Hér er líka skemmtilegt að vinna og búa.',157,1);
INSERT INTO captini_prompt (id, prompt_number, flashcard_text , lesson_id,number) VALUES (158,'F52(5)','',22,5);
INSERT INTO captini_task (id, task_text, prompt_id, number) VALUES (337,'Fer hún ekki að koma í heimsókn?',158,0);
INSERT INTO captini_task (id, task_text, prompt_id, number) VALUES (338,'Verði ykkur að góðu.',158,1);
INSERT INTO captini_prompt (id, prompt_number, flashcard_text , lesson_id,number) VALUES (159,'F52(6)','',22,6);
INSERT INTO captini_task (id, task_text, prompt_id, number) VALUES (339,'Segðu honum að koma klukkan sjö.',159,0);
INSERT INTO captini_task (id, task_text, prompt_id, number) VALUES (340,'Ha! Fannstu þetta inni í eldhúsi?',159,1);
INSERT INTO captini_prompt (id, prompt_number, flashcard_text , lesson_id,number) VALUES (160,'F52(7)','',22,7);
INSERT INTO captini_task (id, task_text, prompt_id, number) VALUES (341,'Viltu að ég hjálpi þér?',160,0);
INSERT INTO captini_task (id, task_text, prompt_id, number) VALUES (342,'Viltu að ég hjálpi honum?',160,1);
INSERT INTO captini_lesson (id, topic_id, subject, description,number) VALUES (25,5,'Setningar (sentences)','Takið eftir hvaða bókstafir eru ekki bornir fram (notice which letters are not pronounced).',1 );
INSERT INTO captini_prompt (id, prompt_number, flashcard_text , lesson_id,number) VALUES (175,'F55(1)','',25,1);
INSERT INTO captini_task (id, task_text, prompt_id, number) VALUES (375,'Ákveðinn greinir í fleirtölu.',175,0);
INSERT INTO captini_task (id, task_text, prompt_id, number) VALUES (376,'Þátíð veikra og sterkra sagna.',175,1);
INSERT INTO captini_prompt (id, prompt_number, flashcard_text , lesson_id,number) VALUES (176,'F55(2)','',25,2);
INSERT INTO captini_task (id, task_text, prompt_id, number) VALUES (377,'Jónas Hallgrímsson var ljóðskáld.',176,0);
INSERT INTO captini_task (id, task_text, prompt_id, number) VALUES (378,'Hann var prestssonur og ólst upp á Norðurlandi.',176,1);
INSERT INTO captini_prompt (id, prompt_number, flashcard_text , lesson_id,number) VALUES (177,'F55(3)','',25,3);
INSERT INTO captini_task (id, task_text, prompt_id, number) VALUES (379,'Jónas bjó bæði á Íslandi og í Danmörku.',177,0);
INSERT INTO captini_task (id, task_text, prompt_id, number) VALUES (380,'Ljóð hans fjalla oft um íslenska náttúru.',177,1);
INSERT INTO captini_prompt (id, prompt_number, flashcard_text , lesson_id,number) VALUES (178,'F55(4)','',25,4);
INSERT INTO captini_task (id, task_text, prompt_id, number) VALUES (381,'Jónas ferðaðist í nokkur ár um Ísland.',178,0);
INSERT INTO captini_task (id, task_text, prompt_id, number) VALUES (382,'Dragðu setningar á rétta staði.',178,1);
INSERT INTO captini_prompt (id, prompt_number, flashcard_text , lesson_id,number) VALUES (179,'F55(5)','',25,5);
INSERT INTO captini_task (id, task_text, prompt_id, number) VALUES (383,'Gætirðu rétt mér saltið?',179,0);
INSERT INTO captini_task (id, task_text, prompt_id, number) VALUES (384,'Já, gjörðu svo vel. Viltu pipar líka?',179,1);
INSERT INTO captini_prompt (id, prompt_number, flashcard_text , lesson_id,number) VALUES (180,'F55(6)','',25,6);
INSERT INTO captini_task (id, task_text, prompt_id, number) VALUES (385,'Skáld er einhver sem yrkir ljóð.',180,0);
INSERT INTO captini_task (id, task_text, prompt_id, number) VALUES (386,'Jónas Hallgrímsson var líka þýðandi.',180,1);
INSERT INTO captini_prompt (id, prompt_number, flashcard_text , lesson_id,number) VALUES (181,'F55(7)','',25,7);
INSERT INTO captini_task (id, task_text, prompt_id, number) VALUES (387,'Jónas Hallgrímsson bjó til orð.',181,0);
INSERT INTO captini_task (id, task_text, prompt_id, number) VALUES (388,'Til dæmis: aðdráttarafl, sjónauki og sporbaugur.',181,1);
INSERT INTO captini_lesson (id, topic_id, subject, description,number) VALUES (21,5,'„h“ og „þ“ breytast (“h” and “þ” change)','Takið eftir hvernig „h“ og „þ“ breytast í framburði eða hverfa algerlega (notice how “h” and “þ” change in pronunciation or are deleted completely).',2 );
INSERT INTO captini_prompt (id, prompt_number, flashcard_text , lesson_id,number) VALUES (147,'F51(1)','',21,1);
INSERT INTO captini_task (id, task_text, prompt_id, number) VALUES (315,'Heitir hún Hanna?',147,0);
INSERT INTO captini_task (id, task_text, prompt_id, number) VALUES (316,'Ég sé hann!',147,1);
INSERT INTO captini_prompt (id, prompt_number, flashcard_text , lesson_id,number) VALUES (148,'F51(2)','',21,2);
INSERT INTO captini_task (id, task_text, prompt_id, number) VALUES (317,'Hvað sagðirðu við hana?',148,0);
INSERT INTO captini_task (id, task_text, prompt_id, number) VALUES (318,'Hvað heitir hún?',148,1);
INSERT INTO captini_prompt (id, prompt_number, flashcard_text , lesson_id,number) VALUES (149,'F51(3)','',21,3);
INSERT INTO captini_task (id, task_text, prompt_id, number) VALUES (319,'Ég sé þig ekki.',149,0);
INSERT INTO captini_task (id, task_text, prompt_id, number) VALUES (320,'Sérðu það?',149,1);
INSERT INTO captini_prompt (id, prompt_number, flashcard_text , lesson_id,number) VALUES (150,'F51(4)','',21,4);
INSERT INTO captini_task (id, task_text, prompt_id, number) VALUES (321,'Finnst þér gaman að dansa?',150,0);
INSERT INTO captini_task (id, task_text, prompt_id, number) VALUES (322,'Hvað kostar þetta?',150,1);
INSERT INTO captini_prompt (id, prompt_number, flashcard_text , lesson_id,number) VALUES (151,'F51(5)','',21,5);
INSERT INTO captini_task (id, task_text, prompt_id, number) VALUES (323,'Eruð þið með stærri stærð?',151,0);
INSERT INTO captini_task (id, task_text, prompt_id, number) VALUES (324,'Hafið þið talað við þá?',151,1);
INSERT INTO captini_prompt (id, prompt_number, flashcard_text , lesson_id,number) VALUES (152,'F51(6)','',21,6);
INSERT INTO captini_task (id, task_text, prompt_id, number) VALUES (325,'Verði þér að góðu.',152,0);
INSERT INTO captini_task (id, task_text, prompt_id, number) VALUES (326,'Gaman að sjá þig.',152,1);
INSERT INTO captini_prompt (id, prompt_number, flashcard_text , lesson_id,number) VALUES (153,'F51(7)','',21,7);
INSERT INTO captini_task (id, task_text, prompt_id, number) VALUES (327,'Ég ætla að fara þangað á morgun með henni Höllu.',153,0);
INSERT INTO captini_task (id, task_text, prompt_id, number) VALUES (328,'Tökum því bara rólega.',153,1);
INSERT INTO captini_lesson (id, topic_id, subject, description,number) VALUES (23,5,'Einföldun samhljóðaklasa (simplification of consonant clusters)','Takið eftir hvernig samhljóðaklasarnir eru bornir fram (notice the pronunciation of the consonant clusters).',3 );
INSERT INTO captini_prompt (id, prompt_number, flashcard_text , lesson_id,number) VALUES (161,'F53(1)','',23,1);
INSERT INTO captini_task (id, task_text, prompt_id, number) VALUES (343,'margt',161,0);
INSERT INTO captini_task (id, task_text, prompt_id, number) VALUES (344,'íslenskt',161,1);
INSERT INTO captini_task (id, task_text, prompt_id, number) VALUES (345,'morgni',161,2);
INSERT INTO captini_task (id, task_text, prompt_id, number) VALUES (346,'fylgdi',161,3);
INSERT INTO captini_prompt (id, prompt_number, flashcard_text , lesson_id,number) VALUES (162,'F53(2)','',23,2);
INSERT INTO captini_task (id, task_text, prompt_id, number) VALUES (347,'sigldi',162,0);
INSERT INTO captini_task (id, task_text, prompt_id, number) VALUES (348,'fylgt',162,1);
INSERT INTO captini_task (id, task_text, prompt_id, number) VALUES (349,'birgðir',162,2);
INSERT INTO captini_task (id, task_text, prompt_id, number) VALUES (350,'álft',162,3);
INSERT INTO captini_prompt (id, prompt_number, flashcard_text , lesson_id,number) VALUES (163,'F53(3)','',23,3);
INSERT INTO captini_task (id, task_text, prompt_id, number) VALUES (351,'Kristín borðar danskt rúgbrauð.',163,0);
INSERT INTO captini_task (id, task_text, prompt_id, number) VALUES (352,'Hér vinnur margt ungt fólk.',163,1);
INSERT INTO captini_prompt (id, prompt_number, flashcard_text , lesson_id,number) VALUES (164,'F53(4)','',23,4);
INSERT INTO captini_task (id, task_text, prompt_id, number) VALUES (353,'Fólkið vinnur frá morgni til kvölds.',164,0);
INSERT INTO captini_task (id, task_text, prompt_id, number) VALUES (354,'Ég fylgdi honum heim.',164,1);
INSERT INTO captini_prompt (id, prompt_number, flashcard_text , lesson_id,number) VALUES (165,'F53(5)','',23,5);
INSERT INTO captini_task (id, task_text, prompt_id, number) VALUES (355,'Hefurðu nefnt það við hana?',165,0);
INSERT INTO captini_task (id, task_text, prompt_id, number) VALUES (356,'Ég nefndi það við hana um daginn.',165,1);
INSERT INTO captini_prompt (id, prompt_number, flashcard_text , lesson_id,number) VALUES (166,'F53(6)','',23,6);
INSERT INTO captini_task (id, task_text, prompt_id, number) VALUES (357,'Ég horfði á þrjár myndir.',166,0);
INSERT INTO captini_task (id, task_text, prompt_id, number) VALUES (358,'Hann býr á Álftanesi.',166,1);
INSERT INTO captini_prompt (id, prompt_number, flashcard_text , lesson_id,number) VALUES (167,'F53(7)','',23,7);
INSERT INTO captini_task (id, task_text, prompt_id, number) VALUES (359,'Hún vinnur hjá Íslenskri erfðagreiningu.',167,0);
INSERT INTO captini_task (id, task_text, prompt_id, number) VALUES (360,'Það er íslenskt fyrirtæki.',167,1);
INSERT INTO captini_lesson (id, topic_id, subject, description,number) VALUES (24,5,'Framburður mismunandi samhljóðaklasa (pronunciation of various consonant clusters)','Takið eftir framburði samhljóðaklasanna (notice the pronunciation of the consonant clusters).',4 );
INSERT INTO captini_prompt (id, prompt_number, flashcard_text , lesson_id,number) VALUES (168,'F54(1)','',24,1);
INSERT INTO captini_task (id, task_text, prompt_id, number) VALUES (361,'Það eru sjö sjoppur í þorpinu!',168,0);
INSERT INTO captini_task (id, task_text, prompt_id, number) VALUES (362,'Lítil kvísl sindraði í sólinni.',168,1);
INSERT INTO captini_prompt (id, prompt_number, flashcard_text , lesson_id,number) VALUES (169,'F54(2)','',24,2);
INSERT INTO captini_task (id, task_text, prompt_id, number) VALUES (363,'Rigndi hjá ykkur í gær?',169,0);
INSERT INTO captini_task (id, task_text, prompt_id, number) VALUES (364,'Við tefldum í fjóra klukkutíma!',169,1);
INSERT INTO captini_prompt (id, prompt_number, flashcard_text , lesson_id,number) VALUES (170,'F54(3)','',24,3);
INSERT INTO captini_task (id, task_text, prompt_id, number) VALUES (365,'Ég ætla að fá tvo latte með haframjólk.',170,0);
INSERT INTO captini_task (id, task_text, prompt_id, number) VALUES (366,'Til allrar hamingju söng hann vel!',170,1);
INSERT INTO captini_prompt (id, prompt_number, flashcard_text , lesson_id,number) VALUES (171,'F54(4)','',24,4);
INSERT INTO captini_task (id, task_text, prompt_id, number) VALUES (367,'Þessi orðræða er orðin þreytt!',171,0);
INSERT INTO captini_task (id, task_text, prompt_id, number) VALUES (368,'Viltu sýrðan rjóma með tertunni?',171,1);
INSERT INTO captini_prompt (id, prompt_number, flashcard_text , lesson_id,number) VALUES (172,'F54(5)','',24,5);
INSERT INTO captini_task (id, task_text, prompt_id, number) VALUES (369,'Þau hrjóta svo hátt að það heyrist gegnum tvennar dyr!',172,0);
INSERT INTO captini_task (id, task_text, prompt_id, number) VALUES (370,'Það er ljómandi gott!',172,1);
INSERT INTO captini_prompt (id, prompt_number, flashcard_text , lesson_id,number) VALUES (173,'F54(6)','',24,6);
INSERT INTO captini_task (id, task_text, prompt_id, number) VALUES (371,'Mér finnst hljóðfræði skemmtileg.',173,0);
INSERT INTO captini_task (id, task_text, prompt_id, number) VALUES (372,'Það verða umbreytingar í veðrinu.',173,1);
INSERT INTO captini_prompt (id, prompt_number, flashcard_text , lesson_id,number) VALUES (174,'F54(7)','',24,7);
INSERT INTO captini_task (id, task_text, prompt_id, number) VALUES (373,'Strjúktu yfir skjáinn til að opna.',174,0);
INSERT INTO captini_task (id, task_text, prompt_id, number) VALUES (374,'Við byggðum nýjan sumarbústað.',174,1);
INSERT INTO captini_topic (id,topic_name, topic_description, number) VALUES (1,'Sérhljóð (vowels)', 'Bókstafir – hljóð (letters – sounds)', 1);
INSERT INTO captini_lesson (id, topic_id, subject, description,number) VALUES (5,1,'Orðapör (word pairs)','Athugið ólík sérhljóð í orðunum (note the different vowels in the words).',0 );
INSERT INTO captini_prompt (id, prompt_number, flashcard_text , lesson_id,number) VALUES (35,'F15(1)','E : I/Y : Í/Ý',5,1);
INSERT INTO captini_task (id, task_text, prompt_id, number) VALUES (92,'lest – list – líst',35,0);
INSERT INTO captini_task (id, task_text, prompt_id, number) VALUES (93,'Dísa les mikið.',35,1);
INSERT INTO captini_prompt (id, prompt_number, flashcard_text , lesson_id,number) VALUES (41,'F15(7)','Orð sem hljóma eins (words that have the same pronunciation).',5,7);
INSERT INTO captini_task (id, task_text, prompt_id, number) VALUES (104,'leiti – leyti',41,0);
INSERT INTO captini_task (id, task_text, prompt_id, number) VALUES (105,'tína – týna',41,1);
INSERT INTO captini_task (id, task_text, prompt_id, number) VALUES (106,'minni – mynni',41,2);
INSERT INTO captini_prompt (id, prompt_number, flashcard_text , lesson_id,number) VALUES (37,'F15(3)','Stutt A : stutt Æ',5,3);
INSERT INTO captini_task (id, task_text, prompt_id, number) VALUES (96,'hattur – hættur',37,0);
INSERT INTO captini_task (id, task_text, prompt_id, number) VALUES (97,'harður – hærður',37,1);
INSERT INTO captini_prompt (id, prompt_number, flashcard_text , lesson_id,number) VALUES (36,'F15(2)','U : Ö',5,2);
INSERT INTO captini_task (id, task_text, prompt_id, number) VALUES (94,'furum – förum',36,0);
INSERT INTO captini_task (id, task_text, prompt_id, number) VALUES (95,'undum – öndum',36,1);
INSERT INTO captini_prompt (id, prompt_number, flashcard_text , lesson_id,number) VALUES (38,'F15(4)','Stutt E : stutt EI/EY',5,4);
INSERT INTO captini_task (id, task_text, prompt_id, number) VALUES (98,'sett – seytt',38,0);
INSERT INTO captini_task (id, task_text, prompt_id, number) VALUES (99,'herði – heyrði',38,1);
INSERT INTO captini_prompt (id, prompt_number, flashcard_text , lesson_id,number) VALUES (39,'F15(5)','Stutt O : stutt Ó',5,5);
INSERT INTO captini_task (id, task_text, prompt_id, number) VALUES (100,'Otti – ótti',39,0);
INSERT INTO captini_task (id, task_text, prompt_id, number) VALUES (101,'Otti óttast ekki neitt!',39,1);
INSERT INTO captini_prompt (id, prompt_number, flashcard_text , lesson_id,number) VALUES (40,'F15(6)','Áherslulaus sérhljóð í endingum: A, I og U (unstressed vowels in word endings: A, I and U).',5,6);
INSERT INTO captini_task (id, task_text, prompt_id, number) VALUES (102,'glaðar – glaðir – glaður',40,0);
INSERT INTO captini_task (id, task_text, prompt_id, number) VALUES (103,'kæra – kæri – kæru',40,1);
INSERT INTO captini_lesson (id, topic_id, subject, description,number) VALUES (1,1,'Sérhljóðar með og án brodds (vowel letters with and without accents)','Takið eftir muninum á sérhljóðum með og án brodds (notice the difference in pronunciation of vowels with and without accents).',1 );
INSERT INTO captini_prompt (id, prompt_number, flashcard_text , lesson_id,number) VALUES (3,'F11(3)','',1,3);
INSERT INTO captini_task (id, task_text, prompt_id, number) VALUES (15,'l',3,0);
INSERT INTO captini_task (id, task_text, prompt_id, number) VALUES (16,'m',3,1);
INSERT INTO captini_task (id, task_text, prompt_id, number) VALUES (17,'n',3,2);
INSERT INTO captini_task (id, task_text, prompt_id, number) VALUES (18,'o',3,3);
INSERT INTO captini_task (id, task_text, prompt_id, number) VALUES (19,'ó',3,4);
INSERT INTO captini_task (id, task_text, prompt_id, number) VALUES (20,'p',3,5);
INSERT INTO captini_task (id, task_text, prompt_id, number) VALUES (21,'r',3,6);
INSERT INTO captini_prompt (id, prompt_number, flashcard_text , lesson_id,number) VALUES (4,'F11(4)','',1,4);
INSERT INTO captini_task (id, task_text, prompt_id, number) VALUES (22,'s',4,0);
INSERT INTO captini_task (id, task_text, prompt_id, number) VALUES (23,'t',4,1);
INSERT INTO captini_task (id, task_text, prompt_id, number) VALUES (24,'u',4,2);
INSERT INTO captini_task (id, task_text, prompt_id, number) VALUES (25,'ú',4,3);
INSERT INTO captini_task (id, task_text, prompt_id, number) VALUES (26,'v',4,4);
INSERT INTO captini_task (id, task_text, prompt_id, number) VALUES (27,'y',4,5);
INSERT INTO captini_task (id, task_text, prompt_id, number) VALUES (28,'ý',4,6);
INSERT INTO captini_prompt (id, prompt_number, flashcard_text , lesson_id,number) VALUES (5,'F11(5)','',1,5);
INSERT INTO captini_task (id, task_text, prompt_id, number) VALUES (29,'x',5,0);
INSERT INTO captini_task (id, task_text, prompt_id, number) VALUES (30,'þ',5,1);
INSERT INTO captini_task (id, task_text, prompt_id, number) VALUES (31,'æ',5,2);
INSERT INTO captini_task (id, task_text, prompt_id, number) VALUES (32,'ö',5,3);
INSERT INTO captini_prompt (id, prompt_number, flashcard_text , lesson_id,number) VALUES (6,'F11(6)','',1,6);
INSERT INTO captini_task (id, task_text, prompt_id, number) VALUES (33,'au',6,0);
INSERT INTO captini_task (id, task_text, prompt_id, number) VALUES (34,'ei',6,1);
INSERT INTO captini_task (id, task_text, prompt_id, number) VALUES (35,'ey',6,2);
INSERT INTO captini_prompt (id, prompt_number, flashcard_text , lesson_id,number) VALUES (11,'F11(11)','U : Ú',1,11);
INSERT INTO captini_task (id, task_text, prompt_id, number) VALUES (44,'gulur – sund',11,0);
INSERT INTO captini_task (id, task_text, prompt_id, number) VALUES (45,'hún – Úlfar',11,1);
INSERT INTO captini_prompt (id, prompt_number, flashcard_text , lesson_id,number) VALUES (13,'F11(13)','',1,13);
INSERT INTO captini_task (id, task_text, prompt_id, number) VALUES (48,'Hvaðan ertu?',13,0);
INSERT INTO captini_task (id, task_text, prompt_id, number) VALUES (49,'Ég er frá Þýskalandi.',13,1);
INSERT INTO captini_prompt (id, prompt_number, flashcard_text , lesson_id,number) VALUES (10,'F11(10)','O : Ó',1,10);
INSERT INTO captini_task (id, task_text, prompt_id, number) VALUES (43,'Jóna – óska',10,0);
INSERT INTO captini_prompt (id, prompt_number, flashcard_text , lesson_id,number) VALUES (2,'F11(2)','',1,2);
INSERT INTO captini_task (id, task_text, prompt_id, number) VALUES (8,'f',2,0);
INSERT INTO captini_task (id, task_text, prompt_id, number) VALUES (9,'g',2,1);
INSERT INTO captini_task (id, task_text, prompt_id, number) VALUES (10,'h',2,2);
INSERT INTO captini_task (id, task_text, prompt_id, number) VALUES (11,'i',2,3);
INSERT INTO captini_task (id, task_text, prompt_id, number) VALUES (12,'í',2,4);
INSERT INTO captini_task (id, task_text, prompt_id, number) VALUES (13,'j',2,5);
INSERT INTO captini_task (id, task_text, prompt_id, number) VALUES (14,'k',2,6);
INSERT INTO captini_prompt (id, prompt_number, flashcard_text , lesson_id,number) VALUES (12,'F11(12)','AU : Á',1,12);
INSERT INTO captini_task (id, task_text, prompt_id, number) VALUES (46,'þau – brauð',12,0);
INSERT INTO captini_task (id, task_text, prompt_id, number) VALUES (47,'já – frá',12,1);
INSERT INTO captini_task (id, task_text, prompt_id, number) VALUES (460,'ágúst – Lára',12,2);
INSERT INTO captini_task (id, task_text, prompt_id, number) VALUES (461,'austur – laust',12,3);
INSERT INTO captini_prompt (id, prompt_number, flashcard_text , lesson_id,number) VALUES (1,'F11(1)','Íslenska stafrófið, heiti stafanna (the names of the letters of the Icelandic alphabet).  FÆRA ANNAÐ?',1,1);
INSERT INTO captini_task (id, task_text, prompt_id, number) VALUES (1,'a',1,0);
INSERT INTO captini_task (id, task_text, prompt_id, number) VALUES (2,'á',1,1);
INSERT INTO captini_task (id, task_text, prompt_id, number) VALUES (3,'b',1,2);
INSERT INTO captini_task (id, task_text, prompt_id, number) VALUES (4,'d',1,3);
INSERT INTO captini_task (id, task_text, prompt_id, number) VALUES (5,'ð',1,4);
INSERT INTO captini_task (id, task_text, prompt_id, number) VALUES (6,'e',1,5);
INSERT INTO captini_task (id, task_text, prompt_id, number) VALUES (7,'é',1,6);
INSERT INTO captini_prompt (id, prompt_number, flashcard_text , lesson_id,number) VALUES (8,'F11(8)','E : É',1,8);
INSERT INTO captini_task (id, task_text, prompt_id, number) VALUES (38,'lesa – renna',8,0);
INSERT INTO captini_task (id, task_text, prompt_id, number) VALUES (39,'ég – sérðu',8,1);
INSERT INTO captini_prompt (id, prompt_number, flashcard_text , lesson_id,number) VALUES (7,'F11(7)','A : Á',1,7);
INSERT INTO captini_task (id, task_text, prompt_id, number) VALUES (37,'frá – ást',7,0);
INSERT INTO captini_task (id, task_text, prompt_id, number) VALUES (36,'tala – taska',7,1);
INSERT INTO captini_prompt (id, prompt_number, flashcard_text , lesson_id,number) VALUES (9,'F11(9)','I/Y : Í/Ý',1,9);
INSERT INTO captini_task (id, task_text, prompt_id, number) VALUES (40,'við – fyrir',9,0);
INSERT INTO captini_task (id, task_text, prompt_id, number) VALUES (41,'sími',9,1);
INSERT INTO captini_task (id, task_text, prompt_id, number) VALUES (458,'Þýskaland – íslenska – lýsa',9,2);
INSERT INTO captini_task (id, task_text, prompt_id, number) VALUES (459,'vinna – synda',9,3);
INSERT INTO captini_lesson (id, topic_id, subject, description,number) VALUES (4,1,'Setningar (sentences)','Æfið sérhljóðin í setningunum (practise the vowels in the sentences).',2 );
INSERT INTO captini_prompt (id, prompt_number, flashcard_text , lesson_id,number) VALUES (28,'F14(1)','',4,1);
INSERT INTO captini_task (id, task_text, prompt_id, number) VALUES (80,'Þetta er gömul stytta.',28,0);
INSERT INTO captini_task (id, task_text, prompt_id, number) VALUES (81,'Styttan er í Reykjavík.',28,1);
INSERT INTO captini_prompt (id, prompt_number, flashcard_text , lesson_id,number) VALUES (29,'F14(2)','',4,2);
INSERT INTO captini_task (id, task_text, prompt_id, number) VALUES (82,'Styttan er af Jóni.',29,0);
INSERT INTO captini_task (id, task_text, prompt_id, number) VALUES (83,'Jón er frægur maður.',29,1);
INSERT INTO captini_prompt (id, prompt_number, flashcard_text , lesson_id,number) VALUES (30,'F14(3)','',4,3);
INSERT INTO captini_task (id, task_text, prompt_id, number) VALUES (84,'Í Reykjavík eru bæði falleg og ljót hús.',30,0);
INSERT INTO captini_prompt (id, prompt_number, flashcard_text , lesson_id,number) VALUES (31,'F14(4)','',4,4);
INSERT INTO captini_task (id, task_text, prompt_id, number) VALUES (85,'Ég fer í heita pottinn.',31,0);
INSERT INTO captini_task (id, task_text, prompt_id, number) VALUES (86,'Ferð þú í kalda pottinn?',31,1);
INSERT INTO captini_prompt (id, prompt_number, flashcard_text , lesson_id,number) VALUES (32,'F14(5)','',4,5);
INSERT INTO captini_task (id, task_text, prompt_id, number) VALUES (87,'Þetta hús er hvítt.',32,0);
INSERT INTO captini_task (id, task_text, prompt_id, number) VALUES (88,'Ég bý í hvítu húsi.',32,1);
INSERT INTO captini_prompt (id, prompt_number, flashcard_text , lesson_id,number) VALUES (33,'F14(6)','',4,6);
INSERT INTO captini_task (id, task_text, prompt_id, number) VALUES (89,'Er þetta sími eða spjaldtölva?',33,0);
INSERT INTO captini_prompt (id, prompt_number, flashcard_text , lesson_id,number) VALUES (34,'F14(7)','',4,7);
INSERT INTO captini_task (id, task_text, prompt_id, number) VALUES (90,'Við ætlum að fara í Nauthólsvík.',34,0);
INSERT INTO captini_task (id, task_text, prompt_id, number) VALUES (91,'Munið að taka með handklæði!',34,1);
INSERT INTO captini_lesson (id, topic_id, subject, description,number) VALUES (2,1,'Löng og stutt sérhljóð (long and short vowels)','Takið eftir muninum á löngum og stuttum sérhljóðum (notice the difference in pronunciation between long and short vowels).',4 );
INSERT INTO captini_prompt (id, prompt_number, flashcard_text , lesson_id,number) VALUES (16,'F12(3)','',2,3);
INSERT INTO captini_task (id, task_text, prompt_id, number) VALUES (56,'Þetta er taskan mín.',16,0);
INSERT INTO captini_task (id, task_text, prompt_id, number) VALUES (57,'Er þetta taskan þín?',16,1);
INSERT INTO captini_prompt (id, prompt_number, flashcard_text , lesson_id,number) VALUES (17,'F12(4)','',2,4);
INSERT INTO captini_task (id, task_text, prompt_id, number) VALUES (58,'Hvar er taskan þín?',17,0);
INSERT INTO captini_task (id, task_text, prompt_id, number) VALUES (59,'Hún er á borðinu.',17,1);
INSERT INTO captini_prompt (id, prompt_number, flashcard_text , lesson_id,number) VALUES (18,'F12(5)','',2,5);
INSERT INTO captini_task (id, task_text, prompt_id, number) VALUES (60,'Hér er handklæðið mitt.',18,0);
INSERT INTO captini_task (id, task_text, prompt_id, number) VALUES (61,'Hvar er handklæðið þitt?',18,1);
INSERT INTO captini_prompt (id, prompt_number, flashcard_text , lesson_id,number) VALUES (19,'F12(6)','',2,6);
INSERT INTO captini_task (id, task_text, prompt_id, number) VALUES (62,'Konan býr í Reykjavík.',19,0);
INSERT INTO captini_task (id, task_text, prompt_id, number) VALUES (63,'Vinur hennar býr á Akureyri.',19,1);
INSERT INTO captini_prompt (id, prompt_number, flashcard_text , lesson_id,number) VALUES (20,'F12(7)','',2,7);
INSERT INTO captini_task (id, task_text, prompt_id, number) VALUES (64,'Reykjavík er höfuðborg Íslands.',20,0);
INSERT INTO captini_task (id, task_text, prompt_id, number) VALUES (65,'Hún er eina borg landsins.',20,1);
INSERT INTO captini_prompt (id, prompt_number, flashcard_text , lesson_id,number) VALUES (15,'F12(2)','',2,2);
INSERT INTO captini_task (id, task_text, prompt_id, number) VALUES (53,'lesa – lest',15,0);
INSERT INTO captini_task (id, task_text, prompt_id, number) VALUES (54,'koma – komma',15,1);
INSERT INTO captini_task (id, task_text, prompt_id, number) VALUES (55,'föt – föst',15,2);
INSERT INTO captini_prompt (id, prompt_number, flashcard_text , lesson_id,number) VALUES (14,'F12(1)','Takið eftir muninum á löngum og stuttum SÉR?hljóðum (note the difference between the long and short variants).',2,1);
INSERT INTO captini_task (id, task_text, prompt_id, number) VALUES (50,'hvar – taska',14,0);
INSERT INTO captini_task (id, task_text, prompt_id, number) VALUES (51,'mín – íslenska',14,1);
INSERT INTO captini_task (id, task_text, prompt_id, number) VALUES (52,'þau – austur',14,2);
INSERT INTO captini_lesson (id, topic_id, subject, description,number) VALUES (3,1,'Sérhljóð sem eru lík í framburði (vowels with similar pronunciation)','Takið eftir hvernig bókstafirnir tákna mismunandi sérhljóð (notice how the letters represent different vowel sounds).',5 );
INSERT INTO captini_prompt (id, prompt_number, flashcard_text , lesson_id,number) VALUES (25,'F13(5)','',3,5);
INSERT INTO captini_task (id, task_text, prompt_id, number) VALUES (74,'Við sendum bréf til Englands.',25,0);
INSERT INTO captini_task (id, task_text, prompt_id, number) VALUES (75,'Hvert sendið þið bréf?',25,1);
INSERT INTO captini_prompt (id, prompt_number, flashcard_text , lesson_id,number) VALUES (26,'F13(6)','',3,6);
INSERT INTO captini_task (id, task_text, prompt_id, number) VALUES (76,'Ég tala dönsku og frönsku.',26,0);
INSERT INTO captini_task (id, task_text, prompt_id, number) VALUES (77,'Klukkan fjögur er mikil umferð.',26,1);
INSERT INTO captini_prompt (id, prompt_number, flashcard_text , lesson_id,number) VALUES (27,'F13(7)','',3,7);
INSERT INTO captini_task (id, task_text, prompt_id, number) VALUES (78,'Maðurinn er í ljósum fötum.',27,0);
INSERT INTO captini_task (id, task_text, prompt_id, number) VALUES (79,'Konan heitir Sædís.',27,1);
INSERT INTO captini_prompt (id, prompt_number, flashcard_text , lesson_id,number) VALUES (21,'F13(1)','E : I/Y',3,1);
INSERT INTO captini_task (id, task_text, prompt_id, number) VALUES (66,'við – með',21,0);
INSERT INTO captini_task (id, task_text, prompt_id, number) VALUES (67,'synda – senda',21,1);
INSERT INTO captini_task (id, task_text, prompt_id, number) VALUES (42,'kona – oft',21,2);
INSERT INTO captini_prompt (id, prompt_number, flashcard_text , lesson_id,number) VALUES (22,'F13(2)','U : Ö',3,2);
INSERT INTO captini_task (id, task_text, prompt_id, number) VALUES (68,'klukkan – umferð',22,0);
INSERT INTO captini_task (id, task_text, prompt_id, number) VALUES (69,'tölum – tvö',22,1);
INSERT INTO captini_prompt (id, prompt_number, flashcard_text , lesson_id,number) VALUES (24,'F13(4)','EI/EY : Æ',3,4);
INSERT INTO captini_task (id, task_text, prompt_id, number) VALUES (73,'heitt – reykt',24,0);
INSERT INTO captini_task (id, task_text, prompt_id, number) VALUES (72,'heitur – reykja',24,1);
INSERT INTO captini_task (id, task_text, prompt_id, number) VALUES (462,'lært – ætla',24,2);
INSERT INTO captini_task (id, task_text, prompt_id, number) VALUES (463,'læra – kæra',24,3);
INSERT INTO captini_prompt (id, prompt_number, flashcard_text , lesson_id,number) VALUES (23,'F13(3)','O : Ó : Ö',3,3);
INSERT INTO captini_task (id, task_text, prompt_id, number) VALUES (70,'for – fór – för',23,0);
INSERT INTO captini_task (id, task_text, prompt_id, number) VALUES (71,'fornum – fórnum – förnum',23,1);
INSERT INTO account_user (password, last_login, is_superuser, username, first_name, last_name, email, is_staff, is_active, date_joined, birthday, country_rank, global_rank, nationality, score, gender, language_level, native_language, notification_setting_email, notification_setting_in_app, profile_photo) VALUES ('password1', '2023-06-22 00:00:00+00', false, 'user1', 'John', 'Doe', 'john.doe@example.com', true, true, '2023-06-21 09:15:00+00', '1990-01-01', 1, 10, 'USA', 1000, 'Male', 'Int', 'English', true, true, 'profile1.jpg'), ('password2', '2023-06-21 00:00:00+00', false, 'user2', 'Jane', 'Smith', 'jane.smith@example.com', true, true, '2023-06-20 13:45:00+00', '1985-05-15', 1, 9, 'Canada', 2000, 'Female', 'Adv', 'English', true, true, 'profile2.jpg'), ('password3', '2023-06-20 00:00:00+00', false, 'user3', 'David', 'Johnson', 'david.johnson@example.com', true, true, '2023-06-19 18:30:00+00', '1995-09-10', 1, 8, 'Australia', 3000, 'Male', 'Beg', 'English', true, true, 'profile3.jpg'), ('password4', '2023-06-19 00:00:00+00', false, 'user4', 'Emily', 'Brown', 'emily.brown@example.com', true, true, '2023-06-18 10:00:00+00', '1992-03-27', 1, 7, 'UK', 4000, 'Female', 'Int', 'English', true, true, 'profile4.jpg'), ('password5', '2023-06-18 00:00:00+00', false, 'user5', 'Michael', 'Wilson', 'michael.wilson@example.com', true, true, '2023-06-17 15:20:00+00', '1988-11-09', 1, 6, 'Germany', 5000, 'Male', 'Adv', 'German - Deutsch', true, true, 'profile5.jpg'), ('password6', '2023-06-17 00:00:00+00', false, 'user6', 'Sarah', 'Miller', 'sarah.miller@example.com', true, true, '2023-06-16 20:55:00+00', '1993-07-04', 1, 5, 'France', 6000, 'Female', 'Int', 'French - français', true, true, 'profile6.jpg'), ('password7', '2023-06-16 00:00:00+00', false, 'user7', 'Christopher', 'Anderson', 'christopher.anderson@example.com', true, true, '2023-06-15 11:10:00+00', '1996-12-12', 1, 4, 'Sweden', 7000, 'Male', 'Beg', 'Swedish - svenska', true, true, 'profile7.jpg'), ('password8', '2023-06-15 00:00:00+00', false, 'user8', 'Olivia', 'Taylor', 'olivia.taylor@example.com', true, true, '2023-06-14 14:35:00+00', '1991-08-22', 1, 3, 'Spain', 8000, 'Female', 'Adv', 'Spanish - español', true, true, 'profile8.jpg'), ('password9', '2023-06-14 00:00:00+00', false, 'user9', 'Ethan', 'Lewis', 'ethan.lewis@example.com', true, true, '2023-06-13 09:45:00+00', '1994-04-18', 1, 2, 'Italy', 9000, 'Male', 'Int', 'Italian (Italy) - italiano', true, true, 'profile9.jpg'), ('password10', '2023-06-13 00:00:00+00', false, 'user10', 'Ava', 'Martinez', 'ava.martinez@example.com', true, true, '2023-06-12 16:25:00+00', '1997-02-28', 1, 1, 'Brazil', 10000, 'Female', 'Adv', 'Portuguese - português', true, true, 'profile10.jpg');